{"Name":"ProjetReseau","Hosts":[{"Name":"UE_1","Type":"Client","Interfaces":"1"},{"Name":"S_WEB_1","Type":"WEB","Interfaces":"1"},{"Name":"Switch1","Type":"Switch","Interfaces":"16"},{"Name":"BOX_1","Type":"DHCP","Interfaces":"2"},{"Name":"UE_2","Type":"Client","Interfaces":"1"},{"Name":"BOX_2","Type":"DHCP","Interfaces":"2"},{"Name":"Switch2","Type":"Switch","Interfaces":"16"},{"Name":"R_access","Type":"Routeur","Interfaces":"2"},{"Name":"Switch3","Type":"Switch","Interfaces":"16"},{"Name":"R1","Type":"Routeur","Interfaces":"2"},{"Name":"Switch4","Type":"Switch","Interfaces":"16"},{"Name":"R2","Type":"Routeur","Interfaces":"2"},{"Name":"R_services","Type":"Routeur","Interfaces":"2"},{"Name":"Switch5","Type":"Switch","Interfaces":"16"},{"Name":"S_WEB_2","Type":"WEB","Interfaces":"1"},{"Name":"S_DNS","Type":"DNS","Interfaces":"1"}],"Links":[{"H1":"UE_2","I1":"eth0","H2":"BOX_2","I2":"eth0"}],"Bridges":[{"Hosts":["BOX_1","UE_1","S_WEB_1"],"Interfaces":["eth0","eth0","eth0"]},{"Hosts":["R_access","BOX_2","BOX_1"],"Interfaces":["eth0","eth1","eth1"]},{"Hosts":["R1","R2","R_access"],"Interfaces":["eth0","eth0","eth1"]},{"Hosts":["R_services","R1","R2"],"Interfaces":["eth0","eth1","eth1"]},{"Hosts":["S_WEB_2","S_DNS","R_services"],"Interfaces":["eth0","eth0","eth1"]}]}
