<?xml version="1.0"?>
<Locations >
  <Project >
    <file_marker column=" 60" line=" 58" >
      <vfs_project />
      <vfs_file>/home/felix/Cours/Annee1/PIM/TP/Projet/Routeur_LL/cache_lru.adb</vfs_file>
    </file_marker>
    <file_marker column=" 95" line=" 45" >
      <vfs_project>/home/felix/Cours/Annee1/PIM/TP/Projet/Routeur_LL/Routeur_LL.gpr</vfs_project>
      <vfs_file>/home/felix/Cours/Annee1/PIM/TP/Projet/Routeur_LL/cache_lru.adb</vfs_file>
    </file_marker>
    <file_marker column=" 22" line=" 67" >
      <vfs_project />
      <vfs_file>/home/felix/Cours/Annee1/PIM/TP/Projet/Routeur_LL/cache_lru.adb</vfs_file>
    </file_marker>
    <file_marker column=" 21" line=" 77" >
      <vfs_project />
      <vfs_file>/home/felix/Cours/Annee1/PIM/TP/Projet/Routeur_LL/cache_lru.adb</vfs_file>
    </file_marker>
    <file_marker column=" 20" line=" 85" >
      <vfs_project />
      <vfs_file>/home/felix/Cours/Annee1/PIM/TP/Projet/Routeur_LL/cache_lru.adb</vfs_file>
    </file_marker>
    <file_marker column=" 16" line=" 99" >
      <vfs_project />
      <vfs_file>/home/felix/Cours/Annee1/PIM/TP/Projet/Routeur_LL/cache_lru.adb</vfs_file>
    </file_marker>
    <file_marker column=" 17" line=" 100" >
      <vfs_project />
      <vfs_file>/home/felix/Cours/Annee1/PIM/TP/Projet/Routeur_LL/cache_lru.adb</vfs_file>
    </file_marker>
    <file_marker column=" 82" line=" 133" >
      <vfs_project />
      <vfs_file>/home/felix/Cours/Annee1/PIM/TP/Projet/Routeur_LL/cache_lru.adb</vfs_file>
    </file_marker>
    <file_marker column=" 94" line=" 41" >
      <vfs_project />
      <vfs_file>/home/felix/Cours/Annee1/PIM/TP/Projet/Routeur_LL/cache_lfu.adb</vfs_file>
    </file_marker>
    <file_marker column=" 87" line=" 133" >
      <vfs_project>/home/felix/Cours/Annee1/PIM/TP/Projet/Routeur_LL/Routeur_LL.gpr</vfs_project>
      <vfs_file>/home/felix/Cours/Annee1/PIM/TP/Projet/Routeur_LL/cache_lru.adb</vfs_file>
    </file_marker>
    <file_marker column=" 60" line=" 45" >
      <vfs_project />
      <vfs_file>/home/felix/Cours/Annee1/PIM/TP/Projet/Routeur_LL/cache_lfu.adb</vfs_file>
    </file_marker>
    <file_marker column=" 87" line=" 133" >
      <vfs_project>/home/felix/Cours/Annee1/PIM/TP/Projet/Routeur_LL/Routeur_LL.gpr</vfs_project>
      <vfs_file>/home/felix/Cours/Annee1/PIM/TP/Projet/Routeur_LL/cache_lru.adb</vfs_file>
    </file_marker>
    <file_marker column=" 60" line=" 52" >
      <vfs_project />
      <vfs_file>/home/felix/Cours/Annee1/PIM/TP/Projet/Routeur_LL/cache_lfu.adb</vfs_file>
    </file_marker>
    <file_marker column=" 22" line=" 58" >
      <vfs_project />
      <vfs_file>/home/felix/Cours/Annee1/PIM/TP/Projet/Routeur_LL/cache_lfu.adb</vfs_file>
    </file_marker>
    <file_marker column=" 21" line=" 68" >
      <vfs_project />
      <vfs_file>/home/felix/Cours/Annee1/PIM/TP/Projet/Routeur_LL/cache_lfu.adb</vfs_file>
    </file_marker>
    <file_marker column=" 16" line=" 78" >
      <vfs_project />
      <vfs_file>/home/felix/Cours/Annee1/PIM/TP/Projet/Routeur_LL/cache_lfu.adb</vfs_file>
    </file_marker>
    <file_marker column=" 87" line=" 133" >
      <vfs_project>/home/felix/Cours/Annee1/PIM/TP/Projet/Routeur_LL/Routeur_LL.gpr</vfs_project>
      <vfs_file>/home/felix/Cours/Annee1/PIM/TP/Projet/Routeur_LL/cache_lru.adb</vfs_file>
    </file_marker>
    <file_marker column=" 17" line=" 79" >
      <vfs_project />
      <vfs_file>/home/felix/Cours/Annee1/PIM/TP/Projet/Routeur_LL/cache_lfu.adb</vfs_file>
    </file_marker>
    <file_marker column=" 76" line=" 129" >
      <vfs_project />
      <vfs_file>/home/felix/Cours/Annee1/PIM/TP/Projet/Routeur_LL/cache_lfu.adb</vfs_file>
    </file_marker>
    <file_marker column=" 95" line=" 27" >
      <vfs_project />
      <vfs_file>/home/felix/Cours/Annee1/PIM/TP/Projet/Routeur_LL/cache_lru.ads</vfs_file>
    </file_marker>
    <file_marker column=" 81" line=" 129" >
      <vfs_project>/home/felix/Cours/Annee1/PIM/TP/Projet/Routeur_LL/Routeur_LL.gpr</vfs_project>
      <vfs_file>/home/felix/Cours/Annee1/PIM/TP/Projet/Routeur_LL/cache_lfu.adb</vfs_file>
    </file_marker>
    <file_marker column=" 18" line=" 31" >
      <vfs_project />
      <vfs_file>/home/felix/Cours/Annee1/PIM/TP/Projet/Routeur_LL/cache_lru.ads</vfs_file>
    </file_marker>
    <file_marker column=" 22" line=" 32" >
      <vfs_project />
      <vfs_file>/home/felix/Cours/Annee1/PIM/TP/Projet/Routeur_LL/cache_lru.ads</vfs_file>
    </file_marker>
    <file_marker column=" 100" line=" 27" >
      <vfs_project>/home/felix/Cours/Annee1/PIM/TP/Projet/Routeur_LL/Routeur_LL.gpr</vfs_project>
      <vfs_file>/home/felix/Cours/Annee1/PIM/TP/Projet/Routeur_LL/cache_lru.ads</vfs_file>
    </file_marker>
    <file_marker column=" 42" line=" 1" >
      <vfs_project />
      <vfs_file>/home/felix/Cours/Annee1/PIM/TP/Projet/Routeur_LL/routeur_ll.adb.stderr</vfs_file>
    </file_marker>
    <file_marker column=" 100" line=" 27" >
      <vfs_project>/home/felix/Cours/Annee1/PIM/TP/Projet/Routeur_LL/Routeur_LL.gpr</vfs_project>
      <vfs_file>/home/felix/Cours/Annee1/PIM/TP/Projet/Routeur_LL/cache_lru.ads</vfs_file>
    </file_marker>
    <file_marker column=" 18" line=" 31" >
      <vfs_project />
      <vfs_file>/home/felix/Cours/Annee1/PIM/TP/Projet/Routeur_LL/cache.ads</vfs_file>
    </file_marker>
    <file_marker column=" 100" line=" 27" >
      <vfs_project>/home/felix/Cours/Annee1/PIM/TP/Projet/Routeur_LL/Routeur_LL.gpr</vfs_project>
      <vfs_file>/home/felix/Cours/Annee1/PIM/TP/Projet/Routeur_LL/cache_lru.ads</vfs_file>
    </file_marker>
    <file_marker column=" 22" line=" 32" >
      <vfs_project />
      <vfs_file>/home/felix/Cours/Annee1/PIM/TP/Projet/Routeur_LL/cache.ads</vfs_file>
    </file_marker>
    <file_marker column=" 100" line=" 27" >
      <vfs_project>/home/felix/Cours/Annee1/PIM/TP/Projet/Routeur_LL/Routeur_LL.gpr</vfs_project>
      <vfs_file>/home/felix/Cours/Annee1/PIM/TP/Projet/Routeur_LL/cache_lru.ads</vfs_file>
    </file_marker>
    <file_marker column=" 22" line=" 39" >
      <vfs_project />
      <vfs_file>/home/felix/Cours/Annee1/PIM/TP/Projet/Routeur_LL/routage.adb</vfs_file>
    </file_marker>
    <file_marker column=" 31" line=" 32" >
      <vfs_project>/home/felix/Cours/Annee1/PIM/TP/Projet/Routeur_LL/Routeur_LL.gpr</vfs_project>
      <vfs_file>/home/felix/Cours/Annee1/PIM/TP/Projet/Routeur_LL/cache.ads</vfs_file>
    </file_marker>
    <file_marker column=" 17" line=" 56" >
      <vfs_project />
      <vfs_file>/home/felix/Cours/Annee1/PIM/TP/Projet/Routeur_LL/routage.adb</vfs_file>
    </file_marker>
    <file_marker column=" 95" line=" 26" >
      <vfs_project />
      <vfs_file>/home/felix/Cours/Annee1/PIM/TP/Projet/Routeur_LL/cache_fifo.ads</vfs_file>
    </file_marker>
    <file_marker column=" 26" line=" 56" >
      <vfs_project>/home/felix/Cours/Annee1/PIM/TP/Projet/Routeur_LL/Routeur_LL.gpr</vfs_project>
      <vfs_file>/home/felix/Cours/Annee1/PIM/TP/Projet/Routeur_LL/routage.adb</vfs_file>
    </file_marker>
    <file_marker column=" 18" line=" 30" >
      <vfs_project />
      <vfs_file>/home/felix/Cours/Annee1/PIM/TP/Projet/Routeur_LL/cache_fifo.ads</vfs_file>
    </file_marker>
    <file_marker column=" 22" line=" 31" >
      <vfs_project />
      <vfs_file>/home/felix/Cours/Annee1/PIM/TP/Projet/Routeur_LL/cache_fifo.ads</vfs_file>
    </file_marker>
    <file_marker column=" 46" line=" 18" >
      <vfs_project />
      <vfs_file>/home/felix/Cours/Annee1/PIM/TP/Projet/Routeur_LL/file_io.adb</vfs_file>
    </file_marker>
    <file_marker column=" 31" line=" 31" >
      <vfs_project>/home/felix/Cours/Annee1/PIM/TP/Projet/Routeur_LL/Routeur_LL.gpr</vfs_project>
      <vfs_file>/home/felix/Cours/Annee1/PIM/TP/Projet/Routeur_LL/cache_fifo.ads</vfs_file>
    </file_marker>
    <file_marker column=" 66" line=" 19" >
      <vfs_project />
      <vfs_file>/home/felix/Cours/Annee1/PIM/TP/Projet/Routeur_LL/file_io.adb</vfs_file>
    </file_marker>
    <file_marker column=" 31" line=" 31" >
      <vfs_project>/home/felix/Cours/Annee1/PIM/TP/Projet/Routeur_LL/Routeur_LL.gpr</vfs_project>
      <vfs_file>/home/felix/Cours/Annee1/PIM/TP/Projet/Routeur_LL/cache_fifo.ads</vfs_file>
    </file_marker>
    <file_marker column=" 72" line=" 28" >
      <vfs_project />
      <vfs_file>/home/felix/Cours/Annee1/PIM/TP/Projet/Routeur_LL/file_io.adb</vfs_file>
    </file_marker>
    <file_marker column=" 22" line=" 31" >
      <vfs_project />
      <vfs_file>/home/felix/Cours/Annee1/PIM/TP/Projet/Routeur_LL/file_io.adb</vfs_file>
    </file_marker>
    <file_marker column=" 61" line=" 33" >
      <vfs_project />
      <vfs_file>/home/felix/Cours/Annee1/PIM/TP/Projet/Routeur_LL/file_io.adb</vfs_file>
    </file_marker>
    <file_marker column=" 49" line=" 37" >
      <vfs_project />
      <vfs_file>/home/felix/Cours/Annee1/PIM/TP/Projet/Routeur_LL/file_io.adb</vfs_file>
    </file_marker>
    <file_marker column=" 21" line=" 60" >
      <vfs_project />
      <vfs_file>/home/felix/Cours/Annee1/PIM/TP/Projet/Routeur_LL/file_io.adb</vfs_file>
    </file_marker>
    <file_marker column=" 17" line=" 74" >
      <vfs_project />
      <vfs_file>/home/felix/Cours/Annee1/PIM/TP/Projet/Routeur_LL/file_io.adb</vfs_file>
    </file_marker>
    <file_marker column=" 81" line=" 85" >
      <vfs_project />
      <vfs_file>/home/felix/Cours/Annee1/PIM/TP/Projet/Routeur_LL/file_io.adb</vfs_file>
    </file_marker>
    <file_marker column=" 21" line=" 119" >
      <vfs_project />
      <vfs_file>/home/felix/Cours/Annee1/PIM/TP/Projet/Routeur_LL/file_io.adb</vfs_file>
    </file_marker>
    <file_marker column=" 121" line=" 120" >
      <vfs_project />
      <vfs_file>/home/felix/Cours/Annee1/PIM/TP/Projet/Routeur_LL/file_io.adb</vfs_file>
    </file_marker>
    <file_marker column=" 81" line=" 132" >
      <vfs_project />
      <vfs_file>/home/felix/Cours/Annee1/PIM/TP/Projet/Routeur_LL/file_io.adb</vfs_file>
    </file_marker>
    <file_marker column=" 21" line=" 168" >
      <vfs_project />
      <vfs_file>/home/felix/Cours/Annee1/PIM/TP/Projet/Routeur_LL/file_io.adb</vfs_file>
    </file_marker>
    <file_marker column=" 38" line=" 171" >
      <vfs_project />
      <vfs_file>/home/felix/Cours/Annee1/PIM/TP/Projet/Routeur_LL/file_io.adb</vfs_file>
    </file_marker>
    <file_marker column=" 117" line=" 174" >
      <vfs_project />
      <vfs_file>/home/felix/Cours/Annee1/PIM/TP/Projet/Routeur_LL/file_io.adb</vfs_file>
    </file_marker>
    <file_marker column=" 95" line=" 42" >
      <vfs_project />
      <vfs_file>/home/felix/Cours/Annee1/PIM/TP/Projet/Routeur_LL/cache_fifo.adb</vfs_file>
    </file_marker>
    <file_marker column=" 126" line=" 174" >
      <vfs_project>/home/felix/Cours/Annee1/PIM/TP/Projet/Routeur_LL/Routeur_LL.gpr</vfs_project>
      <vfs_file>/home/felix/Cours/Annee1/PIM/TP/Projet/Routeur_LL/file_io.adb</vfs_file>
    </file_marker>
    <file_marker column=" 61" line=" 46" >
      <vfs_project />
      <vfs_file>/home/felix/Cours/Annee1/PIM/TP/Projet/Routeur_LL/cache_fifo.adb</vfs_file>
    </file_marker>
    <file_marker column=" 126" line=" 174" >
      <vfs_project>/home/felix/Cours/Annee1/PIM/TP/Projet/Routeur_LL/Routeur_LL.gpr</vfs_project>
      <vfs_file>/home/felix/Cours/Annee1/PIM/TP/Projet/Routeur_LL/file_io.adb</vfs_file>
    </file_marker>
    <file_marker column=" 65" line=" 52" >
      <vfs_project />
      <vfs_file>/home/felix/Cours/Annee1/PIM/TP/Projet/Routeur_LL/cache_fifo.adb</vfs_file>
    </file_marker>
    <file_marker column=" 22" line=" 56" >
      <vfs_project />
      <vfs_file>/home/felix/Cours/Annee1/PIM/TP/Projet/Routeur_LL/cache_fifo.adb</vfs_file>
    </file_marker>
    <file_marker column=" 21" line=" 66" >
      <vfs_project />
      <vfs_file>/home/felix/Cours/Annee1/PIM/TP/Projet/Routeur_LL/cache_fifo.adb</vfs_file>
    </file_marker>
    <file_marker column=" 17" line=" 72" >
      <vfs_project />
      <vfs_file>/home/felix/Cours/Annee1/PIM/TP/Projet/Routeur_LL/cache_fifo.adb</vfs_file>
    </file_marker>
    <file_marker column=" 82" line=" 98" >
      <vfs_project />
      <vfs_file>/home/felix/Cours/Annee1/PIM/TP/Projet/Routeur_LL/cache_fifo.adb</vfs_file>
    </file_marker>
    <file_marker column=" 95" line=" 27" >
      <vfs_project />
      <vfs_file>/home/felix/Cours/Annee1/PIM/TP/Projet/Routeur_LL/cache_lfu.ads</vfs_file>
    </file_marker>
    <file_marker column=" 87" line=" 98" >
      <vfs_project>/home/felix/Cours/Annee1/PIM/TP/Projet/Routeur_LL/Routeur_LL.gpr</vfs_project>
      <vfs_file>/home/felix/Cours/Annee1/PIM/TP/Projet/Routeur_LL/cache_fifo.adb</vfs_file>
    </file_marker>
    <file_marker column=" 18" line=" 31" >
      <vfs_project />
      <vfs_file>/home/felix/Cours/Annee1/PIM/TP/Projet/Routeur_LL/cache_lfu.ads</vfs_file>
    </file_marker>
    <file_marker column=" 22" line=" 32" >
      <vfs_project />
      <vfs_file>/home/felix/Cours/Annee1/PIM/TP/Projet/Routeur_LL/cache_lfu.ads</vfs_file>
    </file_marker>
    <file_marker column=" 1" line=" 1" >
      <vfs_project />
      <vfs_file>/home/felix/Cours/Annee1/PIM/TP/Projet/Routeur_LL/cache.adb</vfs_file>
    </file_marker>
    <file_marker column=" 31" line=" 32" >
      <vfs_project>/home/felix/Cours/Annee1/PIM/TP/Projet/Routeur_LL/Routeur_LL.gpr</vfs_project>
      <vfs_file>/home/felix/Cours/Annee1/PIM/TP/Projet/Routeur_LL/cache_lfu.ads</vfs_file>
    </file_marker>
    <file_marker column=" 1" line=" 1" >
      <vfs_project />
      <vfs_file>/home/felix/Cours/Annee1/PIM/TP/Projet/Routeur_LL/cache.adb</vfs_file>
    </file_marker>
    <file_marker column=" 31" line=" 32" >
      <vfs_project>/home/felix/Cours/Annee1/PIM/TP/Projet/Routeur_LL/Routeur_LL.gpr</vfs_project>
      <vfs_file>/home/felix/Cours/Annee1/PIM/TP/Projet/Routeur_LL/cache_lfu.ads</vfs_file>
    </file_marker>
    <file_marker column=" 1" line=" 1" >
      <vfs_project />
      <vfs_file>/home/felix/Cours/Annee1/PIM/TP/Projet/Routeur_LL/cache.adb</vfs_file>
    </file_marker>
    <file_marker column=" 1" line=" 1" >
      <vfs_project />
      <vfs_file>/home/felix/Cours/Annee1/PIM/TP/Projet/Routeur_LL/cache.adb</vfs_file>
    </file_marker>
    <file_marker column=" 33" line=" 22" >
      <vfs_project />
      <vfs_file>/home/felix/Cours/Annee1/PIM/TP/Projet/Routeur_LL/routage.ads</vfs_file>
    </file_marker>
    <file_marker column=" 1" line=" 1" >
      <vfs_project>/home/felix/Cours/Annee1/PIM/TP/Projet/Routeur_LL/Routeur_LL.gpr</vfs_project>
      <vfs_file>/home/felix/Cours/Annee1/PIM/TP/Projet/Routeur_LL/cache.adb</vfs_file>
    </file_marker>
    <file_marker column=" 1" line=" 1" >
      <vfs_project>/home/felix/Cours/Annee1/PIM/TP/Projet/Routeur_LL/Routeur_LL.gpr</vfs_project>
      <vfs_file>/home/felix/Cours/Annee1/PIM/TP/Projet/Routeur_LL/routeur_ll.adb</vfs_file>
    </file_marker>
    <file_marker column=" 9" line=" 2" >
      <vfs_project>/home/felix/Cours/Annee1/PIM/TP/Projet/Routeur_LL/Routeur_LL.gpr</vfs_project>
      <vfs_file>/home/felix/Cours/Annee1/PIM/TP/Projet/Routeur_LL/routeur_ll.adb</vfs_file>
    </file_marker>
    <file_marker column=" 26" line=" 17" >
      <vfs_project>/home/felix/Cours/Annee1/PIM/TP/Projet/Routeur_LL/Routeur_LL.gpr</vfs_project>
      <vfs_file>/home/felix/Cours/Annee1/PIM/TP/Projet/Routeur_LL/routeur_ll.adb</vfs_file>
    </file_marker>
    <file_marker column=" 9" line=" 2" >
      <vfs_project>/home/felix/Cours/Annee1/PIM/TP/Projet/Routeur_LL/Routeur_LL.gpr</vfs_project>
      <vfs_file>/home/felix/Cours/Annee1/PIM/TP/Projet/Routeur_LL/routeur_ll.adb</vfs_file>
    </file_marker>
    <file_marker column=" 22" line=" 67" >
      <vfs_project />
      <vfs_file>/home/felix/Cours/Annee1/PIM/TP/Projet/Routeur_LL/cache_lru.adb</vfs_file>
    </file_marker>
    <file_marker column=" 9" line=" 2" >
      <vfs_project>/home/felix/Cours/Annee1/PIM/TP/Projet/Routeur_LL/Routeur_LL.gpr</vfs_project>
      <vfs_file>/home/felix/Cours/Annee1/PIM/TP/Projet/Routeur_LL/routeur_ll.adb</vfs_file>
    </file_marker>
    <file_marker column=" 17" line=" 100" >
      <vfs_project />
      <vfs_file>/home/felix/Cours/Annee1/PIM/TP/Projet/Routeur_LL/cache_lru.adb</vfs_file>
    </file_marker>
    <file_marker column=" 9" line=" 2" >
      <vfs_project>/home/felix/Cours/Annee1/PIM/TP/Projet/Routeur_LL/Routeur_LL.gpr</vfs_project>
      <vfs_file>/home/felix/Cours/Annee1/PIM/TP/Projet/Routeur_LL/routeur_ll.adb</vfs_file>
    </file_marker>
    <file_marker column=" 26" line=" 100" >
      <vfs_project>/home/felix/Cours/Annee1/PIM/TP/Projet/Routeur_LL/Routeur_LL.gpr</vfs_project>
      <vfs_file>/home/felix/Cours/Annee1/PIM/TP/Projet/Routeur_LL/cache_lru.adb</vfs_file>
    </file_marker>
    <file_marker column=" 22" line=" 58" >
      <vfs_project />
      <vfs_file>/home/felix/Cours/Annee1/PIM/TP/Projet/Routeur_LL/cache_lfu.adb</vfs_file>
    </file_marker>
    <file_marker column=" 26" line=" 100" >
      <vfs_project>/home/felix/Cours/Annee1/PIM/TP/Projet/Routeur_LL/Routeur_LL.gpr</vfs_project>
      <vfs_file>/home/felix/Cours/Annee1/PIM/TP/Projet/Routeur_LL/cache_lru.adb</vfs_file>
    </file_marker>
    <file_marker column=" 17" line=" 79" >
      <vfs_project />
      <vfs_file>/home/felix/Cours/Annee1/PIM/TP/Projet/Routeur_LL/cache_lfu.adb</vfs_file>
    </file_marker>
    <file_marker column=" 26" line=" 100" >
      <vfs_project>/home/felix/Cours/Annee1/PIM/TP/Projet/Routeur_LL/Routeur_LL.gpr</vfs_project>
      <vfs_file>/home/felix/Cours/Annee1/PIM/TP/Projet/Routeur_LL/cache_lru.adb</vfs_file>
    </file_marker>
    <file_marker column=" 26" line=" 79" >
      <vfs_project>/home/felix/Cours/Annee1/PIM/TP/Projet/Routeur_LL/Routeur_LL.gpr</vfs_project>
      <vfs_file>/home/felix/Cours/Annee1/PIM/TP/Projet/Routeur_LL/cache_lfu.adb</vfs_file>
    </file_marker>
    <file_marker column=" 18" line=" 31" >
      <vfs_project />
      <vfs_file>/home/felix/Cours/Annee1/PIM/TP/Projet/Routeur_LL/cache_lru.ads</vfs_file>
    </file_marker>
    <file_marker column=" 26" line=" 79" >
      <vfs_project>/home/felix/Cours/Annee1/PIM/TP/Projet/Routeur_LL/Routeur_LL.gpr</vfs_project>
      <vfs_file>/home/felix/Cours/Annee1/PIM/TP/Projet/Routeur_LL/cache_lfu.adb</vfs_file>
    </file_marker>
    <file_marker column=" 22" line=" 32" >
      <vfs_project />
      <vfs_file>/home/felix/Cours/Annee1/PIM/TP/Projet/Routeur_LL/cache_lru.ads</vfs_file>
    </file_marker>
    <file_marker column=" 26" line=" 79" >
      <vfs_project>/home/felix/Cours/Annee1/PIM/TP/Projet/Routeur_LL/Routeur_LL.gpr</vfs_project>
      <vfs_file>/home/felix/Cours/Annee1/PIM/TP/Projet/Routeur_LL/cache_lfu.adb</vfs_file>
    </file_marker>
    <file_marker column=" 31" line=" 32" >
      <vfs_project>/home/felix/Cours/Annee1/PIM/TP/Projet/Routeur_LL/Routeur_LL.gpr</vfs_project>
      <vfs_file>/home/felix/Cours/Annee1/PIM/TP/Projet/Routeur_LL/cache_lru.ads</vfs_file>
    </file_marker>
    <file_marker column=" 18" line=" 31" >
      <vfs_project />
      <vfs_file>/home/felix/Cours/Annee1/PIM/TP/Projet/Routeur_LL/cache.ads</vfs_file>
    </file_marker>
    <file_marker column=" 31" line=" 32" >
      <vfs_project>/home/felix/Cours/Annee1/PIM/TP/Projet/Routeur_LL/Routeur_LL.gpr</vfs_project>
      <vfs_file>/home/felix/Cours/Annee1/PIM/TP/Projet/Routeur_LL/cache_lru.ads</vfs_file>
    </file_marker>
    <file_marker column=" 22" line=" 32" >
      <vfs_project />
      <vfs_file>/home/felix/Cours/Annee1/PIM/TP/Projet/Routeur_LL/cache.ads</vfs_file>
    </file_marker>
    <file_marker column=" 31" line=" 32" >
      <vfs_project>/home/felix/Cours/Annee1/PIM/TP/Projet/Routeur_LL/Routeur_LL.gpr</vfs_project>
      <vfs_file>/home/felix/Cours/Annee1/PIM/TP/Projet/Routeur_LL/cache_lru.ads</vfs_file>
    </file_marker>
    <file_marker column=" 31" line=" 32" >
      <vfs_project>/home/felix/Cours/Annee1/PIM/TP/Projet/Routeur_LL/Routeur_LL.gpr</vfs_project>
      <vfs_file>/home/felix/Cours/Annee1/PIM/TP/Projet/Routeur_LL/cache.ads</vfs_file>
    </file_marker>
    <file_marker column=" 22" line=" 39" >
      <vfs_project />
      <vfs_file>/home/felix/Cours/Annee1/PIM/TP/Projet/Routeur_LL/routage.adb</vfs_file>
    </file_marker>
    <file_marker column=" 31" line=" 32" >
      <vfs_project>/home/felix/Cours/Annee1/PIM/TP/Projet/Routeur_LL/Routeur_LL.gpr</vfs_project>
      <vfs_file>/home/felix/Cours/Annee1/PIM/TP/Projet/Routeur_LL/cache.ads</vfs_file>
    </file_marker>
    <file_marker column=" 17" line=" 56" >
      <vfs_project />
      <vfs_file>/home/felix/Cours/Annee1/PIM/TP/Projet/Routeur_LL/routage.adb</vfs_file>
    </file_marker>
    <file_marker column=" 31" line=" 32" >
      <vfs_project>/home/felix/Cours/Annee1/PIM/TP/Projet/Routeur_LL/Routeur_LL.gpr</vfs_project>
      <vfs_file>/home/felix/Cours/Annee1/PIM/TP/Projet/Routeur_LL/cache.ads</vfs_file>
    </file_marker>
    <file_marker column=" 26" line=" 56" >
      <vfs_project>/home/felix/Cours/Annee1/PIM/TP/Projet/Routeur_LL/Routeur_LL.gpr</vfs_project>
      <vfs_file>/home/felix/Cours/Annee1/PIM/TP/Projet/Routeur_LL/routage.adb</vfs_file>
    </file_marker>
    <file_marker column=" 18" line=" 30" >
      <vfs_project />
      <vfs_file>/home/felix/Cours/Annee1/PIM/TP/Projet/Routeur_LL/cache_fifo.ads</vfs_file>
    </file_marker>
    <file_marker column=" 26" line=" 56" >
      <vfs_project>/home/felix/Cours/Annee1/PIM/TP/Projet/Routeur_LL/Routeur_LL.gpr</vfs_project>
      <vfs_file>/home/felix/Cours/Annee1/PIM/TP/Projet/Routeur_LL/routage.adb</vfs_file>
    </file_marker>
    <file_marker column=" 22" line=" 31" >
      <vfs_project />
      <vfs_file>/home/felix/Cours/Annee1/PIM/TP/Projet/Routeur_LL/cache_fifo.ads</vfs_file>
    </file_marker>
    <file_marker column=" 26" line=" 56" >
      <vfs_project>/home/felix/Cours/Annee1/PIM/TP/Projet/Routeur_LL/Routeur_LL.gpr</vfs_project>
      <vfs_file>/home/felix/Cours/Annee1/PIM/TP/Projet/Routeur_LL/routage.adb</vfs_file>
    </file_marker>
    <file_marker column=" 31" line=" 31" >
      <vfs_project>/home/felix/Cours/Annee1/PIM/TP/Projet/Routeur_LL/Routeur_LL.gpr</vfs_project>
      <vfs_file>/home/felix/Cours/Annee1/PIM/TP/Projet/Routeur_LL/cache_fifo.ads</vfs_file>
    </file_marker>
    <file_marker column=" 46" line=" 18" >
      <vfs_project />
      <vfs_file>/home/felix/Cours/Annee1/PIM/TP/Projet/Routeur_LL/file_io.adb</vfs_file>
    </file_marker>
    <file_marker column=" 31" line=" 31" >
      <vfs_project>/home/felix/Cours/Annee1/PIM/TP/Projet/Routeur_LL/Routeur_LL.gpr</vfs_project>
      <vfs_file>/home/felix/Cours/Annee1/PIM/TP/Projet/Routeur_LL/cache_fifo.ads</vfs_file>
    </file_marker>
    <file_marker column=" 22" line=" 31" >
      <vfs_project />
      <vfs_file>/home/felix/Cours/Annee1/PIM/TP/Projet/Routeur_LL/file_io.adb</vfs_file>
    </file_marker>
    <file_marker column=" 31" line=" 31" >
      <vfs_project>/home/felix/Cours/Annee1/PIM/TP/Projet/Routeur_LL/Routeur_LL.gpr</vfs_project>
      <vfs_file>/home/felix/Cours/Annee1/PIM/TP/Projet/Routeur_LL/cache_fifo.ads</vfs_file>
    </file_marker>
    <file_marker column=" 61" line=" 33" >
      <vfs_project />
      <vfs_file>/home/felix/Cours/Annee1/PIM/TP/Projet/Routeur_LL/file_io.adb</vfs_file>
    </file_marker>
    <file_marker column=" 81" line=" 85" >
      <vfs_project />
      <vfs_file>/home/felix/Cours/Annee1/PIM/TP/Projet/Routeur_LL/file_io.adb</vfs_file>
    </file_marker>
    <file_marker column=" 38" line=" 119" >
      <vfs_project />
      <vfs_file>/home/felix/Cours/Annee1/PIM/TP/Projet/Routeur_LL/file_io.adb</vfs_file>
    </file_marker>
    <file_marker column=" 121" line=" 120" >
      <vfs_project />
      <vfs_file>/home/felix/Cours/Annee1/PIM/TP/Projet/Routeur_LL/file_io.adb</vfs_file>
    </file_marker>
    <file_marker column=" 81" line=" 132" >
      <vfs_project />
      <vfs_file>/home/felix/Cours/Annee1/PIM/TP/Projet/Routeur_LL/file_io.adb</vfs_file>
    </file_marker>
    <file_marker column=" 38" line=" 168" >
      <vfs_project />
      <vfs_file>/home/felix/Cours/Annee1/PIM/TP/Projet/Routeur_LL/file_io.adb</vfs_file>
    </file_marker>
    <file_marker column=" 38" line=" 171" >
      <vfs_project />
      <vfs_file>/home/felix/Cours/Annee1/PIM/TP/Projet/Routeur_LL/file_io.adb</vfs_file>
    </file_marker>
    <file_marker column=" 117" line=" 174" >
      <vfs_project />
      <vfs_file>/home/felix/Cours/Annee1/PIM/TP/Projet/Routeur_LL/file_io.adb</vfs_file>
    </file_marker>
    <file_marker column=" 22" line=" 56" >
      <vfs_project />
      <vfs_file>/home/felix/Cours/Annee1/PIM/TP/Projet/Routeur_LL/cache_fifo.adb</vfs_file>
    </file_marker>
    <file_marker column=" 126" line=" 174" >
      <vfs_project>/home/felix/Cours/Annee1/PIM/TP/Projet/Routeur_LL/Routeur_LL.gpr</vfs_project>
      <vfs_file>/home/felix/Cours/Annee1/PIM/TP/Projet/Routeur_LL/file_io.adb</vfs_file>
    </file_marker>
    <file_marker column=" 17" line=" 72" >
      <vfs_project />
      <vfs_file>/home/felix/Cours/Annee1/PIM/TP/Projet/Routeur_LL/cache_fifo.adb</vfs_file>
    </file_marker>
    <file_marker column=" 126" line=" 174" >
      <vfs_project>/home/felix/Cours/Annee1/PIM/TP/Projet/Routeur_LL/Routeur_LL.gpr</vfs_project>
      <vfs_file>/home/felix/Cours/Annee1/PIM/TP/Projet/Routeur_LL/file_io.adb</vfs_file>
    </file_marker>
    <file_marker column=" 26" line=" 72" >
      <vfs_project>/home/felix/Cours/Annee1/PIM/TP/Projet/Routeur_LL/Routeur_LL.gpr</vfs_project>
      <vfs_file>/home/felix/Cours/Annee1/PIM/TP/Projet/Routeur_LL/cache_fifo.adb</vfs_file>
    </file_marker>
    <file_marker column=" 18" line=" 31" >
      <vfs_project />
      <vfs_file>/home/felix/Cours/Annee1/PIM/TP/Projet/Routeur_LL/cache_lfu.ads</vfs_file>
    </file_marker>
    <file_marker column=" 26" line=" 72" >
      <vfs_project>/home/felix/Cours/Annee1/PIM/TP/Projet/Routeur_LL/Routeur_LL.gpr</vfs_project>
      <vfs_file>/home/felix/Cours/Annee1/PIM/TP/Projet/Routeur_LL/cache_fifo.adb</vfs_file>
    </file_marker>
    <file_marker column=" 22" line=" 32" >
      <vfs_project />
      <vfs_file>/home/felix/Cours/Annee1/PIM/TP/Projet/Routeur_LL/cache_lfu.ads</vfs_file>
    </file_marker>
    <file_marker column=" 26" line=" 72" >
      <vfs_project>/home/felix/Cours/Annee1/PIM/TP/Projet/Routeur_LL/Routeur_LL.gpr</vfs_project>
      <vfs_file>/home/felix/Cours/Annee1/PIM/TP/Projet/Routeur_LL/cache_fifo.adb</vfs_file>
    </file_marker>
    <file_marker column=" 31" line=" 32" >
      <vfs_project>/home/felix/Cours/Annee1/PIM/TP/Projet/Routeur_LL/Routeur_LL.gpr</vfs_project>
      <vfs_file>/home/felix/Cours/Annee1/PIM/TP/Projet/Routeur_LL/cache_lfu.ads</vfs_file>
    </file_marker>
    <file_marker column=" 1" line=" 1" >
      <vfs_project />
      <vfs_file>/home/felix/Cours/Annee1/PIM/TP/Projet/Routeur_LL/cache.adb</vfs_file>
    </file_marker>
    <file_marker column=" 31" line=" 32" >
      <vfs_project>/home/felix/Cours/Annee1/PIM/TP/Projet/Routeur_LL/Routeur_LL.gpr</vfs_project>
      <vfs_file>/home/felix/Cours/Annee1/PIM/TP/Projet/Routeur_LL/cache_lfu.ads</vfs_file>
    </file_marker>
    <file_marker column=" 1" line=" 1" >
      <vfs_project />
      <vfs_file>/home/felix/Cours/Annee1/PIM/TP/Projet/Routeur_LL/cache.adb</vfs_file>
    </file_marker>
    <file_marker column=" 31" line=" 32" >
      <vfs_project>/home/felix/Cours/Annee1/PIM/TP/Projet/Routeur_LL/Routeur_LL.gpr</vfs_project>
      <vfs_file>/home/felix/Cours/Annee1/PIM/TP/Projet/Routeur_LL/cache_lfu.ads</vfs_file>
    </file_marker>
    <file_marker column=" 1" line=" 1" >
      <vfs_project>/home/felix/Cours/Annee1/PIM/TP/Projet/Routeur_LL/Routeur_LL.gpr</vfs_project>
      <vfs_file>/home/felix/Cours/Annee1/PIM/TP/Projet/Routeur_LL/cache.adb</vfs_file>
    </file_marker>
    <file_marker column=" 33" line=" 22" >
      <vfs_project />
      <vfs_file>/home/felix/Cours/Annee1/PIM/TP/Projet/Routeur_LL/routage.ads</vfs_file>
    </file_marker>
    <file_marker column=" 1" line=" 1" >
      <vfs_project>/home/felix/Cours/Annee1/PIM/TP/Projet/Routeur_LL/Routeur_LL.gpr</vfs_project>
      <vfs_file>/home/felix/Cours/Annee1/PIM/TP/Projet/Routeur_LL/cache.adb</vfs_file>
    </file_marker>
    <file_marker column=" 22" line=" 26" >
      <vfs_project />
      <vfs_file>/home/felix/Cours/Annee1/PIM/TP/Projet/Routeur_LL/routage.ads</vfs_file>
    </file_marker>
    <file_marker column=" 1" line=" 1" >
      <vfs_project>/home/felix/Cours/Annee1/PIM/TP/Projet/Routeur_LL/Routeur_LL.gpr</vfs_project>
      <vfs_file>/home/felix/Cours/Annee1/PIM/TP/Projet/Routeur_LL/cache.adb</vfs_file>
    </file_marker>
    <file_marker column=" 22" line=" 27" >
      <vfs_project />
      <vfs_file>/home/felix/Cours/Annee1/PIM/TP/Projet/Routeur_LL/routage.ads</vfs_file>
    </file_marker>
    <file_marker column=" 22" line=" 67" >
      <vfs_project />
      <vfs_file>/home/felix/Cours/Annee1/PIM/TP/Projet/Routeur_LL/cache_lru.adb</vfs_file>
    </file_marker>
    <file_marker column=" 31" line=" 27" >
      <vfs_project>/home/felix/Cours/Annee1/PIM/TP/Projet/Routeur_LL/Routeur_LL.gpr</vfs_project>
      <vfs_file>/home/felix/Cours/Annee1/PIM/TP/Projet/Routeur_LL/routage.ads</vfs_file>
    </file_marker>
    <file_marker column=" 17" line=" 100" >
      <vfs_project />
      <vfs_file>/home/felix/Cours/Annee1/PIM/TP/Projet/Routeur_LL/cache_lru.adb</vfs_file>
    </file_marker>
    <file_marker column=" 22" line=" 58" >
      <vfs_project />
      <vfs_file>/home/felix/Cours/Annee1/PIM/TP/Projet/Routeur_LL/cache_lfu.adb</vfs_file>
    </file_marker>
    <file_marker column=" 26" line=" 100" >
      <vfs_project>/home/felix/Cours/Annee1/PIM/TP/Projet/Routeur_LL/Routeur_LL.gpr</vfs_project>
      <vfs_file>/home/felix/Cours/Annee1/PIM/TP/Projet/Routeur_LL/cache_lru.adb</vfs_file>
    </file_marker>
    <file_marker column=" 17" line=" 79" >
      <vfs_project />
      <vfs_file>/home/felix/Cours/Annee1/PIM/TP/Projet/Routeur_LL/cache_lfu.adb</vfs_file>
    </file_marker>
    <file_marker column=" 18" line=" 31" >
      <vfs_project />
      <vfs_file>/home/felix/Cours/Annee1/PIM/TP/Projet/Routeur_LL/cache_lru.ads</vfs_file>
    </file_marker>
    <file_marker column=" 26" line=" 79" >
      <vfs_project>/home/felix/Cours/Annee1/PIM/TP/Projet/Routeur_LL/Routeur_LL.gpr</vfs_project>
      <vfs_file>/home/felix/Cours/Annee1/PIM/TP/Projet/Routeur_LL/cache_lfu.adb</vfs_file>
    </file_marker>
    <file_marker column=" 22" line=" 32" >
      <vfs_project />
      <vfs_file>/home/felix/Cours/Annee1/PIM/TP/Projet/Routeur_LL/cache_lru.ads</vfs_file>
    </file_marker>
    <file_marker column=" 18" line=" 31" >
      <vfs_project />
      <vfs_file>/home/felix/Cours/Annee1/PIM/TP/Projet/Routeur_LL/cache.ads</vfs_file>
    </file_marker>
    <file_marker column=" 31" line=" 32" >
      <vfs_project>/home/felix/Cours/Annee1/PIM/TP/Projet/Routeur_LL/Routeur_LL.gpr</vfs_project>
      <vfs_file>/home/felix/Cours/Annee1/PIM/TP/Projet/Routeur_LL/cache_lru.ads</vfs_file>
    </file_marker>
    <file_marker column=" 22" line=" 32" >
      <vfs_project />
      <vfs_file>/home/felix/Cours/Annee1/PIM/TP/Projet/Routeur_LL/cache.ads</vfs_file>
    </file_marker>
    <file_marker column=" 22" line=" 39" >
      <vfs_project />
      <vfs_file>/home/felix/Cours/Annee1/PIM/TP/Projet/Routeur_LL/routage.adb</vfs_file>
    </file_marker>
    <file_marker column=" 31" line=" 32" >
      <vfs_project>/home/felix/Cours/Annee1/PIM/TP/Projet/Routeur_LL/Routeur_LL.gpr</vfs_project>
      <vfs_file>/home/felix/Cours/Annee1/PIM/TP/Projet/Routeur_LL/cache.ads</vfs_file>
    </file_marker>
    <file_marker column=" 17" line=" 56" >
      <vfs_project />
      <vfs_file>/home/felix/Cours/Annee1/PIM/TP/Projet/Routeur_LL/routage.adb</vfs_file>
    </file_marker>
    <file_marker column=" 18" line=" 30" >
      <vfs_project />
      <vfs_file>/home/felix/Cours/Annee1/PIM/TP/Projet/Routeur_LL/cache_fifo.ads</vfs_file>
    </file_marker>
    <file_marker column=" 26" line=" 56" >
      <vfs_project>/home/felix/Cours/Annee1/PIM/TP/Projet/Routeur_LL/Routeur_LL.gpr</vfs_project>
      <vfs_file>/home/felix/Cours/Annee1/PIM/TP/Projet/Routeur_LL/routage.adb</vfs_file>
    </file_marker>
    <file_marker column=" 22" line=" 31" >
      <vfs_project />
      <vfs_file>/home/felix/Cours/Annee1/PIM/TP/Projet/Routeur_LL/cache_fifo.ads</vfs_file>
    </file_marker>
    <file_marker column=" 46" line=" 18" >
      <vfs_project />
      <vfs_file>/home/felix/Cours/Annee1/PIM/TP/Projet/Routeur_LL/file_io.adb</vfs_file>
    </file_marker>
    <file_marker column=" 31" line=" 31" >
      <vfs_project>/home/felix/Cours/Annee1/PIM/TP/Projet/Routeur_LL/Routeur_LL.gpr</vfs_project>
      <vfs_file>/home/felix/Cours/Annee1/PIM/TP/Projet/Routeur_LL/cache_fifo.ads</vfs_file>
    </file_marker>
    <file_marker column=" 22" line=" 31" >
      <vfs_project />
      <vfs_file>/home/felix/Cours/Annee1/PIM/TP/Projet/Routeur_LL/file_io.adb</vfs_file>
    </file_marker>
    <file_marker column=" 31" line=" 31" >
      <vfs_project>/home/felix/Cours/Annee1/PIM/TP/Projet/Routeur_LL/Routeur_LL.gpr</vfs_project>
      <vfs_file>/home/felix/Cours/Annee1/PIM/TP/Projet/Routeur_LL/cache_fifo.ads</vfs_file>
    </file_marker>
    <file_marker column=" 61" line=" 33" >
      <vfs_project />
      <vfs_file>/home/felix/Cours/Annee1/PIM/TP/Projet/Routeur_LL/file_io.adb</vfs_file>
    </file_marker>
    <file_marker column=" 81" line=" 85" >
      <vfs_project />
      <vfs_file>/home/felix/Cours/Annee1/PIM/TP/Projet/Routeur_LL/file_io.adb</vfs_file>
    </file_marker>
    <file_marker column=" 38" line=" 119" >
      <vfs_project />
      <vfs_file>/home/felix/Cours/Annee1/PIM/TP/Projet/Routeur_LL/file_io.adb</vfs_file>
    </file_marker>
    <file_marker column=" 121" line=" 120" >
      <vfs_project />
      <vfs_file>/home/felix/Cours/Annee1/PIM/TP/Projet/Routeur_LL/file_io.adb</vfs_file>
    </file_marker>
    <file_marker column=" 81" line=" 132" >
      <vfs_project />
      <vfs_file>/home/felix/Cours/Annee1/PIM/TP/Projet/Routeur_LL/file_io.adb</vfs_file>
    </file_marker>
    <file_marker column=" 38" line=" 168" >
      <vfs_project />
      <vfs_file>/home/felix/Cours/Annee1/PIM/TP/Projet/Routeur_LL/file_io.adb</vfs_file>
    </file_marker>
    <file_marker column=" 38" line=" 171" >
      <vfs_project />
      <vfs_file>/home/felix/Cours/Annee1/PIM/TP/Projet/Routeur_LL/file_io.adb</vfs_file>
    </file_marker>
    <file_marker column=" 1" line=" 1" >
      <vfs_project>/home/felix/Cours/Annee1/PIM/TP/Projet/Routeur_LL/Routeur_LL.gpr</vfs_project>
      <vfs_file>/home/felix/Cours/Annee1/PIM/TP/Projet/Routeur_LL/cache.adb</vfs_file>
    </file_marker>
    <file_marker column=" 1" line=" 1" >
      <vfs_project>/home/felix/Cours/Annee1/PIM/TP/Projet/Routeur_LL/Routeur_LL.gpr</vfs_project>
      <vfs_file>/home/felix/Cours/Annee1/PIM/TP/Projet/Routeur_LL/cache.adb</vfs_file>
    </file_marker>
    <file_marker column=" 1" line=" 1" >
      <vfs_project>/home/felix/Cours/Annee1/PIM/TP/Projet/Routeur_LL/Routeur_LL.gpr</vfs_project>
      <vfs_file>/home/felix/Cours/Annee1/PIM/TP/Projet/Routeur_LL/cache.adb</vfs_file>
    </file_marker>
    <file_marker column=" 1" line=" 1" >
      <vfs_project>/home/felix/Cours/Annee1/PIM/TP/Projet/Routeur_LL/Routeur_LL.gpr</vfs_project>
      <vfs_file>/home/felix/Cours/Annee1/PIM/TP/Projet/Routeur_LL/cache.ads</vfs_file>
    </file_marker>
    <file_marker column=" 1" line=" 1" >
      <vfs_project>/home/felix/Cours/Annee1/PIM/TP/Projet/Routeur_LL/Routeur_LL.gpr</vfs_project>
      <vfs_file>/home/felix/Cours/Annee1/PIM/TP/Projet/Routeur_LL/adresse_ip.adb</vfs_file>
    </file_marker>
    <file_marker column=" 1" line=" 1" >
      <vfs_project>/home/felix/Cours/Annee1/PIM/TP/Projet/Routeur_LL/Routeur_LL.gpr</vfs_project>
      <vfs_file>/home/felix/Cours/Annee1/PIM/TP/Projet/Routeur_LL/cache.adb</vfs_file>
    </file_marker>
    <file_marker column=" 1" line=" 1" >
      <vfs_project>/home/felix/Cours/Annee1/PIM/TP/Projet/Routeur_LL/Routeur_LL.gpr</vfs_project>
      <vfs_file>/home/felix/Cours/Annee1/PIM/TP/Projet/Routeur_LL/cache_fifo.adb</vfs_file>
    </file_marker>
    <file_marker column=" 1" line=" 1" >
      <vfs_project>/home/felix/Cours/Annee1/PIM/TP/Projet/Routeur_LL/Routeur_LL.gpr</vfs_project>
      <vfs_file>/home/felix/Cours/Annee1/PIM/TP/Projet/Routeur_LL/cache_lfu.adb</vfs_file>
    </file_marker>
    <file_marker column=" 1" line=" 1" >
      <vfs_project>/home/felix/Cours/Annee1/PIM/TP/Projet/Routeur_LL/Routeur_LL.gpr</vfs_project>
      <vfs_file>/home/felix/Cours/Annee1/PIM/TP/Projet/Routeur_LL/cache_lru.adb</vfs_file>
    </file_marker>
    <file_marker column=" 1" line=" 1" >
      <vfs_project>/home/felix/Cours/Annee1/PIM/TP/Projet/Routeur_LL/Routeur_LL.gpr</vfs_project>
      <vfs_file>/home/felix/Cours/Annee1/PIM/TP/Projet/Routeur_LL/cli.adb</vfs_file>
    </file_marker>
    <file_marker column=" 1" line=" 1" >
      <vfs_project>/home/felix/Cours/Annee1/PIM/TP/Projet/Routeur_LL/Routeur_LL.gpr</vfs_project>
      <vfs_file>/home/felix/Cours/Annee1/PIM/TP/Projet/Routeur_LL/file_io.adb</vfs_file>
    </file_marker>
    <file_marker column=" 1" line=" 1" >
      <vfs_project>/home/felix/Cours/Annee1/PIM/TP/Projet/Routeur_LL/Routeur_LL.gpr</vfs_project>
      <vfs_file>/home/felix/Cours/Annee1/PIM/TP/Projet/Routeur_LL/routage.adb</vfs_file>
    </file_marker>
    <file_marker column=" 1" line=" 1" >
      <vfs_project>/home/felix/Cours/Annee1/PIM/TP/Projet/Routeur_LL/Routeur_LL.gpr</vfs_project>
      <vfs_file>/home/felix/Cours/Annee1/PIM/TP/Projet/Routeur_LL/routeur_ll.adb</vfs_file>
    </file_marker>
    <file_marker column=" 1" line=" 1" >
      <vfs_project>/home/felix/Cours/Annee1/PIM/TP/Projet/Routeur_LL/Routeur_LL.gpr</vfs_project>
      <vfs_file>/home/felix/Cours/Annee1/PIM/TP/Projet/Routeur_LL/routeur_simple.adb</vfs_file>
    </file_marker>
    <file_marker column=" 11" line=" 10" >
      <vfs_project>/home/felix/Cours/Annee1/PIM/TP/Projet/Routeur_LL/Routeur_LL.gpr</vfs_project>
      <vfs_file>/home/felix/Cours/Annee1/PIM/TP/Projet/Routeur_LL/routeur_simple.adb</vfs_file>
    </file_marker>
    <file_marker column=" 1" line=" 1" >
      <vfs_project>/home/felix/Cours/Annee1/PIM/TP/Projet/Routeur_LL/Routeur_LL.gpr</vfs_project>
      <vfs_file>/home/felix/Cours/Annee1/PIM/TP/Projet/Routeur_LL/cache.ads</vfs_file>
    </file_marker>
    <file_marker column=" 10" line=" 14" >
      <vfs_project>/home/felix/Cours/Annee1/PIM/TP/Projet/Routeur_LL/Routeur_LL.gpr</vfs_project>
      <vfs_file>/home/felix/Cours/Annee1/PIM/TP/Projet/Routeur_LL/routeur_simple.adb</vfs_file>
    </file_marker>
    <file_marker column=" 1" line=" 1" >
      <vfs_project>/home/felix/Cours/Annee1/PIM/TP/Projet/Routeur_LL/Routeur_LL.gpr</vfs_project>
      <vfs_file>/home/felix/Cours/Annee1/PIM/TP/Projet/Routeur_LL/cache.ads</vfs_file>
    </file_marker>
    <file_marker column=" 1" line=" 1" >
      <vfs_project>/home/felix/Cours/Annee1/PIM/TP/Projet/Routeur_LL/Routeur_LL.gpr</vfs_project>
      <vfs_file>/home/felix/Cours/Annee1/PIM/TP/Projet/Routeur_LL/routage.ads</vfs_file>
    </file_marker>
    <file_marker column=" 1" line=" 1" >
      <vfs_project>/home/felix/Cours/Annee1/PIM/TP/Projet/Routeur_LL/Routeur_LL.gpr</vfs_project>
      <vfs_file>/home/felix/Cours/Annee1/PIM/TP/Projet/Routeur_LL/routage.adb</vfs_file>
    </file_marker>
    <file_marker column=" 1" line=" 1" >
      <vfs_project>/home/felix/Cours/Annee1/PIM/TP/Projet/Routeur_LL/Routeur_LL.gpr</vfs_project>
      <vfs_file>/home/felix/Cours/Annee1/PIM/TP/Projet/Routeur_LL/cache.adb</vfs_file>
    </file_marker>
    <file_marker column=" 1" line=" 1" >
      <vfs_project>/home/felix/Cours/Annee1/PIM/TP/Projet/Routeur_LL/Routeur_LL.gpr</vfs_project>
      <vfs_file>/home/felix/Cours/Annee1/PIM/TP/Projet/Routeur_LL/cache.ads</vfs_file>
    </file_marker>
    <file_marker column=" 1" line=" 1" >
      <vfs_project>/home/felix/Cours/Annee1/PIM/TP/Projet/Routeur_LL/Routeur_LL.gpr</vfs_project>
      <vfs_file>/home/felix/Cours/Annee1/PIM/TP/Projet/Routeur_LL/cache.adb</vfs_file>
    </file_marker>
    <file_marker column=" 1" line=" 1" >
      <vfs_project>/home/felix/Cours/Annee1/PIM/TP/Projet/Routeur_LL/Routeur_LL.gpr</vfs_project>
      <vfs_file>/home/felix/Cours/Annee1/PIM/TP/Projet/Routeur_LL/cache.adb</vfs_file>
    </file_marker>
    <file_marker column=" 1" line=" 1" >
      <vfs_project>/home/felix/Cours/Annee1/PIM/TP/Projet/Routeur_LL/Routeur_LL.gpr</vfs_project>
      <vfs_file>/home/felix/Cours/Annee1/PIM/TP/Projet/Routeur_LL/cache.adb</vfs_file>
    </file_marker>
    <file_marker column=" 11" line=" 93" >
      <vfs_project>/home/felix/Cours/Annee1/PIM/TP/Projet/Routeur_LL/Routeur_LL.gpr</vfs_project>
      <vfs_file>/home/felix/Cours/Annee1/PIM/TP/Projet/Routeur_LL/cache.adb</vfs_file>
    </file_marker>
    <file_marker column=" 77" line=" 84" >
      <vfs_project>/home/felix/Cours/Annee1/PIM/TP/Projet/Routeur_LL/Routeur_LL.gpr</vfs_project>
      <vfs_file>/home/felix/Cours/Annee1/PIM/TP/Projet/Routeur_LL/cache.adb</vfs_file>
    </file_marker>
    <file_marker column=" 70" line=" 87" >
      <vfs_project>/home/felix/Cours/Annee1/PIM/TP/Projet/Routeur_LL/Routeur_LL.gpr</vfs_project>
      <vfs_file>/home/felix/Cours/Annee1/PIM/TP/Projet/Routeur_LL/cache.adb</vfs_file>
    </file_marker>
    <file_marker column=" 73" line=" 89" >
      <vfs_project>/home/felix/Cours/Annee1/PIM/TP/Projet/Routeur_LL/Routeur_LL.gpr</vfs_project>
      <vfs_file>/home/felix/Cours/Annee1/PIM/TP/Projet/Routeur_LL/cache.adb</vfs_file>
    </file_marker>
    <file_marker current="true" column=" 6" line=" 1" >
      <vfs_project>/home/felix/Cours/Annee1/PIM/TP/Projet/Routeur_LL/Routeur_LL.gpr</vfs_project>
      <vfs_file>/home/felix/Cours/Annee1/PIM/TP/Projet/Routeur_LL/cache.adb</vfs_file>
    </file_marker>
  </Project>
  <Project >
    <vfs_file >/home/felix/T#195;#169;l#195;#169;chargements/Routeur_LL/Routeur_LL.gpr</vfs_file>
    <file_marker column=" 1" line=" 1">
      <vfs_project >/home/felix/T#195;#169;l#195;#169;chargements/Routeur_LL/Routeur_LL.gpr</vfs_project>
      <vfs_file >/home/felix/T#195;#169;l#195;#169;chargements/Routeur_LL/adresse_ip.adb</vfs_file>
    </file_marker>
    <file_marker column=" 26" line=" 10">
      <vfs_project >/home/felix/T#195;#169;l#195;#169;chargements/Routeur_LL/Routeur_LL.gpr</vfs_project>
      <vfs_file >/home/felix/T#195;#169;l#195;#169;chargements/Routeur_LL/adresse_ip.adb</vfs_file>
    </file_marker>
    <file_marker column=" 1" line=" 1">
      <vfs_project >/home/felix/T#195;#169;l#195;#169;chargements/Routeur_LL/Routeur_LL.gpr</vfs_project>
      <vfs_file >/home/felix/T#195;#169;l#195;#169;chargements/Routeur_LL/routage.ads</vfs_file>
    </file_marker>
    <file_marker column=" 1" line=" 1">
      <vfs_project >/home/felix/T#195;#169;l#195;#169;chargements/Routeur_LL/Routeur_LL.gpr</vfs_project>
      <vfs_file >/home/felix/T#195;#169;l#195;#169;chargements/Routeur_LL/adresse_ip.adb</vfs_file>
    </file_marker>
    <file_marker column=" 26" line=" 10">
      <vfs_project >/home/felix/T#195;#169;l#195;#169;chargements/Routeur_LL/Routeur_LL.gpr</vfs_project>
      <vfs_file >/home/felix/T#195;#169;l#195;#169;chargements/Routeur_LL/adresse_ip.adb</vfs_file>
    </file_marker>
    <file_marker column=" 1" line=" 1">
      <vfs_project >/home/felix/T#195;#169;l#195;#169;chargements/Routeur_LL/Routeur_LL.gpr</vfs_project>
      <vfs_file >/home/felix/T#195;#169;l#195;#169;chargements/Routeur_LL/adresse_ip.ads</vfs_file>
    </file_marker>
    <file_marker column=" 1" line=" 1">
      <vfs_project >/home/felix/T#195;#169;l#195;#169;chargements/Routeur_LL/Routeur_LL.gpr</vfs_project>
      <vfs_file >/home/felix/T#195;#169;l#195;#169;chargements/Routeur_LL/cache_fifo.adb</vfs_file>
    </file_marker>
    <file_marker column=" 1" line=" 1">
      <vfs_project >/home/felix/T#195;#169;l#195;#169;chargements/Routeur_LL/Routeur_LL.gpr</vfs_project>
      <vfs_file >/home/felix/T#195;#169;l#195;#169;chargements/Routeur_LL/cache_fifo.ads</vfs_file>
    </file_marker>
    <file_marker column=" 1" line=" 1">
      <vfs_project >/home/felix/T#195;#169;l#195;#169;chargements/Routeur_LL/Routeur_LL.gpr</vfs_project>
      <vfs_file >/home/felix/T#195;#169;l#195;#169;chargements/Routeur_LL/cache_lfu.ads</vfs_file>
    </file_marker>
    <file_marker column=" 1" line=" 1">
      <vfs_project >/home/felix/T#195;#169;l#195;#169;chargements/Routeur_LL/Routeur_LL.gpr</vfs_project>
      <vfs_file >/home/felix/T#195;#169;l#195;#169;chargements/Routeur_LL/cache_lru.ads</vfs_file>
    </file_marker>
    <file_marker column=" 1" line=" 1">
      <vfs_project >/home/felix/T#195;#169;l#195;#169;chargements/Routeur_LL/Routeur_LL.gpr</vfs_project>
      <vfs_file >/home/felix/T#195;#169;l#195;#169;chargements/Routeur_LL/cache.ads</vfs_file>
    </file_marker>
    <file_marker column=" 52" line=" 12">
      <vfs_project >/home/felix/T#195;#169;l#195;#169;chargements/Routeur_LL/Routeur_LL.gpr</vfs_project>
      <vfs_file >/home/felix/T#195;#169;l#195;#169;chargements/Routeur_LL/adresse_ip.adb</vfs_file>
    </file_marker>
    <file_marker column=" 1" line=" 1">
      <vfs_project >/home/felix/T#195;#169;l#195;#169;chargements/Routeur_LL/Routeur_LL.gpr</vfs_project>
      <vfs_file >/home/felix/T#195;#169;l#195;#169;chargements/Routeur_LL/adresse_ip.ads</vfs_file>
    </file_marker>
    <file_marker column=" 52" line=" 12">
      <vfs_project >/home/felix/T#195;#169;l#195;#169;chargements/Routeur_LL/Routeur_LL.gpr</vfs_project>
      <vfs_file >/home/felix/T#195;#169;l#195;#169;chargements/Routeur_LL/adresse_ip.adb</vfs_file>
    </file_marker>
    <file_marker column=" 1" line=" 1">
      <vfs_project >/home/felix/T#195;#169;l#195;#169;chargements/Routeur_LL/Routeur_LL.gpr</vfs_project>
      <vfs_file >/home/felix/T#195;#169;l#195;#169;chargements/Routeur_LL/cache_fifo.adb</vfs_file>
    </file_marker>
    <file_marker column=" 1" line=" 1">
      <vfs_project >/home/felix/T#195;#169;l#195;#169;chargements/Routeur_LL/Routeur_LL.gpr</vfs_project>
      <vfs_file >/home/felix/T#195;#169;l#195;#169;chargements/Routeur_LL/adresse_ip.adb</vfs_file>
    </file_marker>
    <file_marker column=" 1" line=" 1">
      <vfs_project >/home/felix/T#195;#169;l#195;#169;chargements/Routeur_LL/Routeur_LL.gpr</vfs_project>
      <vfs_file >/home/felix/T#195;#169;l#195;#169;chargements/Routeur_LL/routage.ads</vfs_file>
    </file_marker>
    <file_marker column=" 1" line=" 1">
      <vfs_project >/home/felix/T#195;#169;l#195;#169;chargements/Routeur_LL/Routeur_LL.gpr</vfs_project>
      <vfs_file >/home/felix/T#195;#169;l#195;#169;chargements/Routeur_LL/file_io.adb</vfs_file>
    </file_marker>
    <file_marker column=" 24" line=" 122">
      <vfs_project >/home/felix/T#195;#169;l#195;#169;chargements/Routeur_LL/Routeur_LL.gpr</vfs_project>
      <vfs_file >/home/felix/T#195;#169;l#195;#169;chargements/Routeur_LL/file_io.adb</vfs_file>
    </file_marker>
    <file_marker column=" 1" line=" 1">
      <vfs_project >/home/felix/T#195;#169;l#195;#169;chargements/Routeur_LL/Routeur_LL.gpr</vfs_project>
      <vfs_file >/home/felix/T#195;#169;l#195;#169;chargements/Routeur_LL/cli.adb</vfs_file>
    </file_marker>
    <file_marker column=" 1" line=" 58">
      <vfs_project >/home/felix/T#195;#169;l#195;#169;chargements/Routeur_LL/Routeur_LL.gpr</vfs_project>
      <vfs_file >/home/felix/T#195;#169;l#195;#169;chargements/Routeur_LL/adresse_ip.adb</vfs_file>
    </file_marker>
    <file_marker column=" 1" line=" 1">
      <vfs_project >/home/felix/T#195;#169;l#195;#169;chargements/Routeur_LL/Routeur_LL.gpr</vfs_project>
      <vfs_file >/home/felix/T#195;#169;l#195;#169;chargements/Routeur_LL/routeur_simple.adb</vfs_file>
    </file_marker>
    <file_marker column=" 1" line=" 28">
      <vfs_project >/home/felix/T#195;#169;l#195;#169;chargements/Routeur_LL/Routeur_LL.gpr</vfs_project>
      <vfs_file >/home/felix/T#195;#169;l#195;#169;chargements/Routeur_LL/routeur_simple.adb</vfs_file>
    </file_marker>
    <file_marker column=" 1" line=" 1">
      <vfs_project >/home/felix/T#195;#169;l#195;#169;chargements/Routeur_LL/Routeur_LL.gpr</vfs_project>
      <vfs_file >/home/felix/T#195;#169;l#195;#169;chargements/Routeur_LL/routeur_outils.ads</vfs_file>
    </file_marker>
    <file_marker column=" 1" line=" 1">
      <vfs_project >/home/felix/T#195;#169;l#195;#169;chargements/Routeur_LL/Routeur_LL.gpr</vfs_project>
      <vfs_file >/home/felix/T#195;#169;l#195;#169;chargements/Routeur_LL/adresse_ip.adb</vfs_file>
    </file_marker>
    <file_marker column=" 6" line=" 11">
      <vfs_project >/home/felix/T#195;#169;l#195;#169;chargements/Routeur_LL/Routeur_LL.gpr</vfs_project>
      <vfs_file >/home/felix/T#195;#169;l#195;#169;chargements/Routeur_LL/routeur_simple.adb</vfs_file>
    </file_marker>
    <file_marker current="true" column=" 1" line=" 1">
      <vfs_project >/home/felix/T#195;#169;l#195;#169;chargements/Routeur_LL/Routeur_LL.gpr</vfs_project>
      <vfs_file >/home/felix/T#195;#169;l#195;#169;chargements/Routeur_LL/routage.adb</vfs_file>
    </file_marker>
  </Project>
</Locations>
